orignal_nepali,suspicious_nepali,label
घोडामा सवार एक व्यक्ति भाँचिएको हवाइजहाजमाथि हाम फाल्दै छ।,"एक व्यक्ति डिनरमा छ, ओमलेट अर्डर गर्दै।",0
घोडामा सवार एक व्यक्ति भाँचिएको हवाइजहाजमाथि हाम फाल्दै छ।,"एक व्यक्ति घोडामा, बाहिर छ।",1
बच्चाहरू मुस्कुराउँदै र क्यामेरामा हात हल्लाउँदै,बच्चाहरु उपस्थित छन्,1
बच्चाहरू मुस्कुराउँदै र क्यामेरामा हात हल्लाउँदै,केटाकेटीहरु निहुरिरहेका छन्,0
एउटा केटा रातो पुलको बीचमा स्केटबोर्डमा हाम फाल्दै छ।,केटा फुटपाथ तल स्केट गर्दै।,0
एउटा केटा रातो पुलको बीचमा स्केटबोर्डमा हाम फाल्दै छ।,केटाले स्केटबोर्डिङ ट्रिक गर्छ।,1
एक वृद्ध मानिस कफी पसलको सानो टेबलमा सुन्तलाको जुस लिएर बसिरहेका छन् भने चम्किलो रंगको शर्ट लगाएका कर्मचारीहरू पृष्ठभूमिमा मुस्कुराउँदै छन्।,एउटा केटा बर्गर पल्टाउँछ।,0
दुई गोरा महिला एक अर्कालाई अँगालो हाल्दै छन्।,महिलाहरु सुतिरहेका छन् ।,0
दुई गोरा महिला एक अर्कालाई अँगालो हाल्दै छन्।,त्यहाँ स्नेह देखाउने महिलाहरू छन्।,1
"रेस्टुरेन्ट सेटिङमा केही व्यक्तिहरू, तिनीहरूमध्ये एक सुन्तलाको जुस पिइरहेका छन्।",मानिसहरु विद्यालयमा डेस्कमा बसिरहेका छन् ।,0
"रेस्टुरेन्ट सेटिङमा केही व्यक्तिहरू, तिनीहरूमध्ये एक सुन्तलाको जुस पिइरहेका छन्।",खाना खानेहरू रेस्टुरेन्टमा छन्।,1
एक वृद्ध मानिस रेस्टुरेन्टमा सुन्तलाको जुस पिइरहेका छन्।,एकजना मानिस जुस पिइरहेका छन्।,1
एक वृद्ध मानिस रेस्टुरेन्टमा सुन्तलाको जुस पिइरहेका छन्।,दुई महिला रेस्टुरेन्टमा रक्सी पिइरहेका छन्।,0
"सुनौलो कपाल भएको मानिस, र खैरो शर्ट लगाएको सार्वजनिक पानीको झरनाबाट पिउँदै।",खैरो शर्ट लगाएको एक गोरो मानिस पार्कको बेन्चमा किताब पढ्दै छ,0
"सुनौलो कपाल भएको मानिस, र खैरो शर्ट लगाएको सार्वजनिक पानीको झरनाबाट पिउँदै।",एक गोरा मानिस फोहराबाट पानी पिउदै।,1
भर्खरै खाजा खाएका दुई महिलालाई अँगालो हालेर बिदाइ गर्दै।,साथीहरू पूर्ण डिनर टेबलमा एकअर्कालाई रिसाउँछन्।,0
भर्खरै खाजा खाएका दुई महिलालाई अँगालो हालेर बिदाइ गर्दै।,यो तस्बिरमा दुई महिला छन् ।,1
"दुई महिला, खाना बोक्ने कन्टेनर समात्दै, अँगालो।",प्रतिद्वन्द्वी गिरोहका दुई समूह एकअर्कालाई पल्टाए।,0
"दुई महिला, खाना बोक्ने कन्टेनर समात्दै, अँगालो।",दुई महिलाले एकअर्कालाई अँगालो हाल्छन्।,1
एउटा सानो लिग टोलीले दिउँसोको खेलमा आधारमा सर्दै गरेको धावकलाई समात्ने प्रयास गर्छ।,एक टोली रनर आउट ट्याग गर्न कोशिस गर्दैछ।,1
एउटा सानो लिग टोलीले दिउँसोको खेलमा आधारमा सर्दै गरेको धावकलाई समात्ने प्रयास गर्छ।,एउटा टोली शनिमा बेसबल खेल्दै छ।,0
पार्टीहरूमा अन्य संस्कृतिहरू कसरी व्यवहार गरिन्छ भन्ने बारे अमेरिकी संस्कृति देखाउन स्कूलले विशेष कार्यक्रम गरिरहेको छ।,एउटा विद्यालयले बास्केटबल खेल आयोजना गर्छ।,0
पार्टीहरूमा अन्य संस्कृतिहरू कसरी व्यवहार गरिन्छ भन्ने बारे अमेरिकी संस्कृति देखाउन स्कूलले विशेष कार्यक्रम गरिरहेको छ।,एउटा विद्यालयले कार्यक्रम आयोजना गर्दैछ।,1
उच्च फेसनका महिलाहरू सहरमा मानिसहरूको भीडको छेउमा ट्राम बाहिर पर्खिरहेका छन्।,महिलाले कस्तो लुगा लगाउँछन् भन्ने वास्ता गर्दैनन् ।,0
उच्च फेसनका महिलाहरू सहरमा मानिसहरूको भीडको छेउमा ट्राम बाहिर पर्खिरहेका छन्।,महिलाहरू ट्रामको पर्खाइमा छन्।,1
"एक पुरुष, महिला, र बच्चा एक समुद्र तट मा रमाइलो गर्दै।",तीन जनाको परिवार समुद्र तटमा छ।,1
"एक पुरुष, महिला, र बच्चा एक समुद्र तट मा रमाइलो गर्दै।",तीन जनाको परिवार सपिङ मलमा छ।,0
मानिसहरू ट्रेनमा चढ्न वा भर्खरै ओर्लन पर्खिरहेका छन्।,ट्रेनमा चढ्ने मान्छेहरू छन्,1
मानिसहरू ट्रेनमा चढ्न वा भर्खरै ओर्लन पर्खिरहेका छन्।,ट्रेनमा कुरिरहेका मान्छेहरू छन्।,1
एक जोडी समुद्र तटमा सानो केटासँग खेल्दै।,एक जोडी बाहिर एउटा सानो बच्चासँग खेल्दै छन्।,1
एक जोडी समुद्र तटमा सानो केटासँग खेल्दै।,एक जोडीले एक सानी केटीलाई समुद्र तटमा एक्लै खेलिरहेको हेर्दै।,0
एक जोडी आफ्नो जवान छोरासँग ज्वारभाटामा खेल्दै।,परिवार खाना खान बसिरहेको छ।,0
एक जोडी आफ्नो जवान छोरासँग ज्वारभाटामा खेल्दै।,परिवार बाहिर छ।,1
एक पुरुष र एक महिला पिज्जा र gyro रेस्टुरेन्ट अगाडि सडक पार गर्दै।,जनता अझै पनि नाकाबन्दीमा उभिरहेका छन् ।,0
एक पुरुष र एक महिला पिज्जा र gyro रेस्टुरेन्ट अगाडि सडक पार गर्दै।,"एक जोडी रेस्टुरेन्ट नजिक, दुई व्यक्ति सडक पार गर्दै हिंड्छन्।",1
हरियो ज्याकेट र टाउकोमा हुड लगाएकी एउटी महिला उपत्यकातिर हेर्दै।,नारी नाङ्गै छिन् ।,0
हरियो ज्याकेट र टाउकोमा हुड लगाएकी एउटी महिला उपत्यकातिर हेर्दै।,महिलाले हरियो पहिरन लगाएकी छिन् ।,1
अग्रभूमिमा सेतो पहिरनमा महिला र पृष्ठभूमिमा जोन्स पिज्जा र जाइरोको चिन्ह लिएर अलिकति पछाडि हिँडिरहेको पुरुष।,उनीहरुले राजधानी बाहिर विरोध प्रदर्शन गरिरहेका छन् ।,0
अग्रभूमिमा सेतो पहिरनमा महिला र पृष्ठभूमिमा जोन्स पिज्जा र जाइरोको चिन्ह लिएर अलिकति पछाडि हिँडिरहेको पुरुष।,सेतो पहिरनमा एउटी महिला।,1
अग्रभूमिमा सेतो पहिरनमा महिला र पृष्ठभूमिमा जोन्स पिज्जा र जाइरोको चिन्ह लिएर अलिकति पछाडि हिँडिरहेको पुरुष।,एक व्यक्ति रेस्टुरेन्टको लागि विज्ञापन गर्दै छन्।,1
अग्रभूमिमा सेतो पहिरनमा महिला र पृष्ठभूमिमा जोन्स पिज्जा र जाइरोको चिन्ह लिएर अलिकति पछाडि हिँडिरहेको पुरुष।,महिलाले कालो पहिरन लगाएकी छिन् ।,0
अग्रभूमिमा सेतो पहिरनमा महिला र पृष्ठभूमिमा जोन्स पिज्जा र जाइरोको चिन्ह लिएर अलिकति पछाडि हिँडिरहेको पुरुष।,महिलाले सेतो लुगा लगाएकी छिन् ।,1
अग्रभूमिमा सेतो पहिरनमा महिला र पृष्ठभूमिमा जोन्स पिज्जा र जाइरोको चिन्ह लिएर अलिकति पछाडि हिँडिरहेको पुरुष।,ओलम्पिक पौडी।,0
अग्रभूमिमा सेतो पहिरनमा महिला र पृष्ठभूमिमा जोन्स पिज्जा र जाइरोको चिन्ह लिएर अलिकति पछाडि हिँडिरहेको पुरुष।,जोन्स पिज्जा र जाइरोमा एक पुरुष र एक महिला सँगै खाइरहेका छन्।,0
अग्रभूमिमा सेतो पहिरनमा महिला र पृष्ठभूमिमा जोन्स पिज्जा र जाइरोको चिन्ह लिएर अलिकति पछाडि हिँडिरहेको पुरुष।,तिनीहरू चिन्ह लिएर हिँड्छन्।,1
अग्रभूमिमा सेतो पहिरनमा महिला र पृष्ठभूमिमा जोन्स पिज्जा र जाइरोको चिन्ह लिएर अलिकति पछाडि हिँडिरहेको पुरुष।,जोनको पिज्जा र काखमा ग्यारोको चिन्ह लिएर मानिस बसिरहेको छ।,0
अग्रभूमिमा सेतो पहिरनमा महिला र पृष्ठभूमिमा जोन्स पिज्जा र जाइरोको चिन्ह लिएर अलिकति पछाडि हिँडिरहेको पुरुष।,महिला र पुरुष बाहिर छन्।,1
"दुई वयस्क, एक महिला सेतो, छाया र एक पुरुष, खैरो लुगा लगाएको, अग्रभूमिमा गाढा रंगको रातो शर्ट लगाएको व्यक्तिको धमिलो छवि भएको भोजनालयबाट टाढा सडक पार गर्दै।",रातो जर्सी लगाएको व्यक्तिलाई पछ्याउन सडक पार गर्न दुई वयस्कहरू दौडन्छन्।,0
"दुई वयस्क, एक महिला सेतो, छाया र एक पुरुष, खैरो लुगा लगाएको, अग्रभूमिमा गाढा रंगको रातो शर्ट लगाएको व्यक्तिको धमिलो छवि भएको भोजनालयबाट टाढा सडक पार गर्दै।",वयस्कहरू पुरुष र महिला दुवै हुन्।,1
"दुई वयस्क, एक महिला सेतो, छाया र एक पुरुष, खैरो लुगा लगाएको, अग्रभूमिमा गाढा रंगको रातो शर्ट लगाएको व्यक्तिको धमिलो छवि भएको भोजनालयबाट टाढा सडक पार गर्दै।",दुई वयस्क पानीमा पौडी खेल्दै,0
"दुई वयस्क, एक महिला सेतो, छाया र एक पुरुष, खैरो लुगा लगाएको, अग्रभूमिमा गाढा रंगको रातो शर्ट लगाएको व्यक्तिको धमिलो छवि भएको भोजनालयबाट टाढा सडक पार गर्दै।",दुई वयस्कहरू सडक पार गर्दै।,1
"दुई वयस्क, एक महिला सेतो, छाया र एक पुरुष, खैरो लुगा लगाएको, अग्रभूमिमा गाढा रंगको रातो शर्ट लगाएको व्यक्तिको धमिलो छवि भएको भोजनालयबाट टाढा सडक पार गर्दै।",दुईजना साइकल चढेर सुरुङमा पुग्छन्।,0
"दुई वयस्क, एक महिला सेतो, छाया र एक पुरुष, खैरो लुगा लगाएको, अग्रभूमिमा गाढा रंगको रातो शर्ट लगाएको व्यक्तिको धमिलो छवि भएको भोजनालयबाट टाढा सडक पार गर्दै।",दुईजना मानिसहरू एक रेस्टुरेन्टबाट सडक पार गर्दै हिंड्छन्।,1
"दुई वयस्क, एक महिला सेतो, छाया र एक पुरुष, खैरो लुगा लगाएको, अग्रभूमिमा गाढा रंगको रातो शर्ट लगाएको व्यक्तिको धमिलो छवि भएको भोजनालयबाट टाढा सडक पार गर्दै।",कोही रेल चढ्छन् ।,0
"दुई वयस्क, एक महिला सेतो, छाया र एक पुरुष, खैरो लुगा लगाएको, अग्रभूमिमा गाढा रंगको रातो शर्ट लगाएको व्यक्तिको धमिलो छवि भएको भोजनालयबाट टाढा सडक पार गर्दै।",दुई वयस्क सडकमा हिंड्छन्।,1
"दुई वयस्क, एक महिला सेतो, छाया र एक पुरुष, खैरो लुगा लगाएको, अग्रभूमिमा गाढा रंगको रातो शर्ट लगाएको व्यक्तिको धमिलो छवि भएको भोजनालयबाट टाढा सडक पार गर्दै।",सडक पार गर्दै दुई वयस्क,1
"दुई वयस्क, एक महिला सेतो, छाया र एक पुरुष, खैरो लुगा लगाएको, अग्रभूमिमा गाढा रंगको रातो शर्ट लगाएको व्यक्तिको धमिलो छवि भएको भोजनालयबाट टाढा सडक पार गर्दै।",चित्रमा महिला छैनन्।,0
"सेतो लुगा लगाएकी एउटी महिला र खाँदै, ब्रीफकेस लिएर एक पुरुषको छेउमा हिंड्छिन्।",एक विवाहित जोडी सुतिरहेको छ।,0
"सेतो लुगा लगाएकी एउटी महिला र खाँदै, ब्रीफकेस लिएर एक पुरुषको छेउमा हिंड्छिन्।",एक महिला पुरुषको छेउमा छ।,1
"एउटी महिला केरा खाँदै सडक पार गरिरहेकी छिन्, जबकि एक पुरुष आफ्नो ब्रीफकेस लिएर पछ्याइरहेका छन्।",कसैसँग खाना छैन।,0
"एउटी महिला केरा खाँदै सडक पार गरिरहेकी छिन्, जबकि एक पुरुष आफ्नो ब्रीफकेस लिएर पछ्याइरहेका छन्।","एउटी महिला केरा खान्छिन् र सडक पार गरिरहेकी छिन्, र त्यहाँ एक पुरुष उनको पछि लाग्दै छ।",1
"एउटी महिला केरा खाँदै सडक पार गरिरहेकी छिन्, जबकि एक पुरुष आफ्नो ब्रीफकेस लिएर पछ्याइरहेका छन्।",महिला र पुरुष सँगै बेसबल खेलिरहेका छन्।,0
"एउटी महिला केरा खाँदै सडक पार गरिरहेकी छिन्, जबकि एक पुरुष आफ्नो ब्रीफकेस लिएर पछ्याइरहेका छन्।","एउटी महिला फुटपाथमा आइसक्रिम खाइरहेकी छिन्, र उनको अगाडि पर्स लिएर अर्को महिला छिन्।",0
"एउटी महिला केरा खाँदै सडक पार गरिरहेकी छिन्, जबकि एक पुरुष आफ्नो ब्रीफकेस लिएर पछ्याइरहेका छन्।",खाने मान्छे ।,1
"एउटी महिला केरा खाँदै सडक पार गरिरहेकी छिन्, जबकि एक पुरुष आफ्नो ब्रीफकेस लिएर पछ्याइरहेका छन्।",केरा खाँदै एक महिला सडक पार गर्दै,1
"एउटी महिला केरा खाँदै सडक पार गरिरहेकी छिन्, जबकि एक पुरुष आफ्नो ब्रीफकेस लिएर पछ्याइरहेका छन्।",एउटी महिला खाजा खान बसिरहेकी छिन्,0
"एउटी महिला केरा खाँदै सडक पार गरिरहेकी छिन्, जबकि एक पुरुष आफ्नो ब्रीफकेस लिएर पछ्याइरहेका छन्।",महिला क्याफेमा कफी खाइरहेकी छिन्,0
"एउटी महिला केरा खाँदै सडक पार गरिरहेकी छिन्, जबकि एक पुरुष आफ्नो ब्रीफकेस लिएर पछ्याइरहेका छन्।",केरा खाइरहेकी महिला।,1
"एउटी महिला केरा खाँदै सडक पार गरिरहेकी छिन्, जबकि एक पुरुष आफ्नो ब्रीफकेस लिएर पछ्याइरहेका छन्।",महिला बाहिर छिन्,1
एक स्कीयर धातुको रेलको छेउमा स्लाइड गर्दै।,एक स्कीयर रेलको नजिक छ।,1
एक स्कीयर धातुको रेलको छेउमा स्लाइड गर्दै।,एक स्कीयर रेलबाट टाढा छ।,0
रातमा रेलमा स्कीमा एक व्यक्ति।,महिलाले कार खान्छिन्,0
रातमा रेलमा स्कीमा एक व्यक्ति।,व्यक्ति स्की गर्छ,1
मेटल बारहरूले बनेको र्‍याम्पको किनारमा बिजुली हरियोमा स्कीयर।,चम्किलो लुगा लगाएको स्कीयर रेसकोर्सबाट तल ओर्लियो।,1
मेटल बारहरूले बनेको र्‍याम्पको किनारमा बिजुली हरियोमा स्कीयर।,जोगर सडकमा दौडियो।,0
पहेंलो वर्दी लगाएको स्कीयरले रेल गरिएको वस्तुमा ट्रिक प्रदर्शन गर्दैछ।,एक स्नोबोर्डर स्की लिफ्ट चढ्दै हुनुहुन्छ।,0
पहेंलो वर्दी लगाएको स्कीयरले रेल गरिएको वस्तुमा ट्रिक प्रदर्शन गर्दैछ।,कोही जाडो खेलकुदमा संलग्न छन्।,1
एक गोरा मानिस सार्वजनिक फोहराबाट रक्सी पिइरहेको छ।,मानिसले पानी पिइरहेको छ।,1
एक गोरा मानिस सार्वजनिक फोहराबाट रक्सी पिइरहेको छ।,मान्छे कफी पिइरहेको छ।,0
भिजेको खैरो कुकुर क्यामेरातिर पौडीन्छ।,कुकुर आफ्नो ओछ्यानमा सुतिरहेको छ।,0
भिजेको खैरो कुकुर क्यामेरातिर पौडीन्छ।,एउटा कुकुर पानीमा छ।,1
कुकुर पौडी खेलिरहेको क्लोजअप छवि।,एउटा बिरालो अनिच्छुक भएर नुहाउँछ।,0
कुकुर पौडी खेलिरहेको क्लोजअप छवि।,एउटा कुकुर पानीको शरीरमा पौडी खेलिरहेको छ।,1
प्यारो खैरो कुकुर समुन्द्रमा पौडी खेलिरहेको छ।,एउटा कुकुर पौडी खेलिरहेको छ।,1
प्यारो खैरो कुकुर समुन्द्रमा पौडी खेलिरहेको छ।,एउटा कुकुर आँगन वरिपरि दौडिरहेको छ।,0
एउटा ठूलो खैरो कुकुर क्यामेरातिर पौडी खेल्छ।,एउटा कुकुरले लठ्ठीलाई पछ्याइरहेको छ।,0
एउटा ठूलो खैरो कुकुर क्यामेरातिर पौडी खेल्छ।,एउटा कुकुर क्यामेरातिर पौडी खेल्छ।,1
"खरानी टोपी लगाएको कालो टोपी लगाएको मान्छे, पिचफोर्क समातेर, घोडा तान्ने गाडीलाई निर्देशन दिन्छ।",खैरो टोपी र पिचफोर्क भएको मानिसले कार्टलाई निर्देशन गरिरहेको छ।,1
"खरानी टोपी लगाएको कालो टोपी लगाएको मान्छे, पिचफोर्क समातेर, घोडा तान्ने गाडीलाई निर्देशन दिन्छ।",नीलो लुगा लगाएकी महिलाले घोडालाई कार्टमा ठोक्दै छिन्।,0
"एक मानिस पुरानो देश भित्र, घाँस सडक माथि क्लाइड्सडेलको नेतृत्व गर्दैछ।",एक जना मानिस आफ्नो घोडा लिएर देशको बाटोमा हिंड्दै छ।,1
"एक मानिस पुरानो देश भित्र, घाँस सडक माथि क्लाइड्सडेलको नेतृत्व गर्दैछ।",खैरो व्यापार सूटमा एउटी महिला चिया पिउदै छिन्।,0
एक किसान घोडा र गाडीको साथ मलले आफ्नो बगैंचामा मल दिँदै।,मानिसले आफ्नो बगैचामा मल दिइरहेको छ।,1
एक किसान घोडा र गाडीको साथ मलले आफ्नो बगैंचामा मल दिँदै।,त्यो मानिस आफ्नो घोडा र गाडी लिएर सहरको सडकमा छ।,0
एउटा सेतो घोडाले गाडा तानेको बेला एक जना मानिस उभिएर हेरिरहेको छ।,एउटा जनावर बाहिर हिँडिरहेको छ।,1
एउटा सेतो घोडाले गाडा तानेको बेला एक जना मानिस उभिएर हेरिरहेको छ।,एकजना मानिस घोडा दौड हेर्दै छन्।,0
चर्च जानेहरूको एउटा सानो समूहले गाउने अभ्यास हेर्छ।,एउटा समूह अभ्यास हेर्छ।,1
चर्च जानेहरूको एउटा सानो समूहले गाउने अभ्यास हेर्छ।,एक गायकले खचाखच भरिएको भीडको अगाडि प्रदर्शन गर्दछ।,0
एउटा कुकुर समुद्र तटमा रातो डिस्क छोड्छ।,एउटा कुकुर समुद्र तटमा बल समात्छ,0
एउटा कुकुर समुद्र तटमा रातो डिस्क छोड्छ।,एउटा कुकुर रातो डिस्क छोड्छ,1
एक पुरुष र एक महिला पहाडको टुप्पोमा सडकमा हिंडिरहेका छन्।,एक पुरुष र महिला सडकमा हिंड्दै।,1
एक पुरुष र एक महिला पहाडको टुप्पोमा सडकमा हिंडिरहेका छन्।,दुई जना मानिस पहाडमा क्याच खेल्दै छन्।,0
एक वृद्ध मानिस क्याफेमा सुन्तलाको जुस पिइरहेका छन्।,एक वृद्ध मानिस बारमा स्याउको जुस पिइरहेका छन्।,0
एक वृद्ध मानिस क्याफेमा सुन्तलाको जुस पिइरहेका छन्।,एक वृद्ध मानिस क्याफेमा पेय पदार्थको मजा लिइरहेको छ।,1
एक जोडी हात समातेर सडकमा हिंडिरहेको छ।,बाटोको छेउमा मानिसहरु बसिरहेका छन् ।,0
एक जोडी हात समातेर सडकमा हिंडिरहेको छ।,मानिसहरू हात समातेर हिँडिरहेका छन्।,1
एक जोडी सेतो ईंटको शहरमा हिंड्दै।,मानिसहरु बाहिर हिँडिरहेका छन् ।,1
एक जोडी सेतो ईंटको शहरमा हिंड्दै।,एक पुरुष र महिला खैरो ईंट शहरमा हिंड्दै।,0
केटाकेटी विद्यालयबाट घर जाँदैछन्।,बच्चाहरू पुस्तकालयमा छन्।,0
केटाकेटी विद्यालयबाट घर जाँदैछन्।,विद्यालयका बालबालिका घर जान्छन् ।,1
क्याथोलिक गिर्जाघरमा गाउने गीत सुनिरहेका मानिसहरू।,मानिसहरू मेटल ब्यान्ड सुनिरहेका छन्।,0
क्याथोलिक गिर्जाघरमा गाउने गीत सुनिरहेका मानिसहरू।,सामूहिक रूपमा गायन गायन।,1
साइकल यात्रीहरू चौराहेमा पर्खिरहेका छन्।,एक साइकल चालक मलमा खाजा खान बसिरहेको छ।,0
साइकल यात्रीहरू चौराहेमा पर्खिरहेका छन्।,साइकल यात्रीहरू बाहिर छन्।,1
साइकल यात्रीहरू चौराहेमा पर्खिरहेका छन्।,साइकलहरू सडकमा छन्।,1
साइकल यात्रीहरू चौराहेमा पर्खिरहेका छन्।,मोटरसाइकलमा सवार एक व्यक्ति सडक नजिकै छ।,1
साइकल यात्रीहरू चौराहेमा पर्खिरहेका छन्।,बाइकरहरू चोकमा रोकिन्छन् र ट्राफिकको लागि पर्खिरहेका छन्।,1
साइकल यात्रीहरू चौराहेमा पर्खिरहेका छन्।,साइकल यात्रीहरू आफ्नो बाइकमा मलको माध्यमबाट सवारी गर्छन्।,0
साइकल यात्रीहरू चौराहेमा पर्खिरहेका छन्।,साइकल यात्रीहरू आफ्नो पालो पार गर्न पर्खिरहेका छन्।,1
साइकल यात्रीहरू चौराहेमा पर्खिरहेका छन्।,साइकल यात्रीहरू फ्रीवेमा सवार।,0
साइकल यात्रीहरू चौराहेमा पर्खिरहेका छन्।,साइकल चालकको मृत्यु भएको छ ।,0
साइकल यात्रीहरू चौराहेमा पर्खिरहेका छन्।,साइकल यात्रीहरू घरमै छन्।,0
साइकलमा बत्तिको पर्खाइमा मानिसहरू।,साथीहरूको गुच्छा डुङ्गामा छन्,0
साइकलमा बत्तिको पर्खाइमा मानिसहरू।,मोटरसाइकल भएका मान्छे।,1
साइकलमा बत्तिको पर्खाइमा मानिसहरू।,मानिसहरु भित्र पर्खिरहेका छन्।,0
साइकलमा बत्तिको पर्खाइमा मानिसहरू।,बाहिर केही मानिसहरु छन् ।,1
साइकलमा बत्तिको पर्खाइमा मानिसहरू।,मानिसहरु आफ्नो बाइकमा छन् ।,1
साइकलमा बत्तिको पर्खाइमा मानिसहरू।,मानिसहरु बाइकमा छन् ।,1
साइकलमा बत्तिको पर्खाइमा मानिसहरू।,जनता रातो बत्ती बालिरहेका छन् ।,0
साइकलमा बत्तिको पर्खाइमा मानिसहरू।,कार दौडमा मानिसहरू।,0
साइकलमा बत्तिको पर्खाइमा मानिसहरू।,पुरुष र महिला बाहिर सडकको कुनामा।,1
साइकलमा बत्तिको पर्खाइमा मानिसहरू।,एउटा लेडीबग सुन्दर गुलाबी गुलाबमा अवतरण भएको छ।,0
साइकलमा सवार मानिसहरू चौराहेमा पर्खिरहेका छन्।,मानिसहरू स्केटबोर्डमा छन्।,0
साइकलमा सवार मानिसहरू चौराहेमा पर्खिरहेका छन्।,मानिसहरु आफ्नो साइकल चलाउँछन्।,1
साइकलमा सवार मानिसहरू चौराहेमा पर्खिरहेका छन्।,मानिसहरु ट्राफिक पर्खिरहेका छन्।,1
साइकलमा सवार मानिसहरू चौराहेमा पर्खिरहेका छन्।,मानिसहरु पैदल पर्खिरहेका छन् ।,0
साइकलमा सवार मानिसहरू चौराहेमा पर्खिरहेका छन्।,त्यहाँ सडकमा साइकल यात्रीहरू रोकिएका छन्।,1
साइकलमा सवार मानिसहरू चौराहेमा पर्खिरहेका छन्।,जनता सुतिरहेका छन् ।,0
साइकलमा सवार मानिसहरू चौराहेमा पर्खिरहेका छन्।,चलचित्रको प्रदर्शनीलाई जनता पर्खिरहेका छन् ।,0
साइकलमा सवार मानिसहरू चौराहेमा पर्खिरहेका छन्।,साइकलमा एकभन्दा बढी व्यक्तिले ट्राफिक नियम पालना गरिरहेका छन् ।,1
साइकलमा सवार मानिसहरू चौराहेमा पर्खिरहेका छन्।,साइकलमा मान्छेहरू छन्।,1
साइकलमा सवार मानिसहरू चौराहेमा पर्खिरहेका छन्।,साइकलमा सवार व्यक्तिहरू एक चौराहेबाट गति गर्छन्।,0
रातो शर्ट लगाएको मान्छेले अर्को मान्छेलाई हेरिरहेको छ जो माथि भरिएको कार्टको माथि उभिरहेको छ।,कार्ट खाली छ।,0
रातो शर्ट लगाएको मान्छेले अर्को मान्छेलाई हेरिरहेको छ जो माथि भरिएको कार्टको माथि उभिरहेको छ।,एउटा मानिसले अर्को मानिसलाई पिग्गीब्याक सवारी दिँदै छ।,0
रातो शर्ट लगाएको मान्छेले अर्को मान्छेलाई हेरिरहेको छ जो माथि भरिएको कार्टको माथि उभिरहेको छ।,एउटा कार्ट वस्तुहरूले भरिएको छ।,1
रातो शर्ट लगाएको मान्छेले अर्को मान्छेलाई हेरिरहेको छ जो माथि भरिएको कार्टको माथि उभिरहेको छ।,एउटा मानिस बेन्चमुनि सुतिरहेको छ।,0
रातो शर्ट लगाएको मान्छेले अर्को मान्छेलाई हेरिरहेको छ जो माथि भरिएको कार्टको माथि उभिरहेको छ।,एक मानिसले अर्को मानिसलाई हेर्छ।,1
रातो शर्ट लगाएको मान्छेले अर्को मान्छेलाई हेरिरहेको छ जो माथि भरिएको कार्टको माथि उभिरहेको छ।,"कोही वस्तुहरूले भरिएको कार्टको शीर्षमा छन्, कोही अरूले अवलोकन गर्छन्।",1
रातो शर्ट लगाएको मान्छेले अर्को मान्छेलाई हेरिरहेको छ जो माथि भरिएको कार्टको माथि उभिरहेको छ।,पुरुषले एउटी महिलालाई हेरिरहेको छ।,0
रातो शर्ट लगाएको मान्छेले अर्को मान्छेलाई हेरिरहेको छ जो माथि भरिएको कार्टको माथि उभिरहेको छ।,एउटा मान्छे गाडिको माथि उभिरहेको छ।,1
रातो शर्ट लगाएको मान्छेले अर्को मान्छेलाई हेरिरहेको छ जो माथि भरिएको कार्टको माथि उभिरहेको छ।,कार्ट शीर्षमा भरिएको छ।,1
रातो शर्ट लगाएको मान्छेले अर्को मान्छेलाई हेरिरहेको छ जो माथि भरिएको कार्टको माथि उभिरहेको छ।,एक मानिसले अक्टोपस खान्छ।,0
एउटी केटा पानीको फोहोराबाट पानी पिउदै महिला जस्तो आकारको।,एक पुरुषले पानी पिउदैछ।,1
एउटी केटा पानीको फोहोराबाट पानी पिउदै महिला जस्तो आकारको।,एकजना मानिस गिलासबाट कागती पानी पिइरहेका छन्।,0
सहरमा तीनजना बाइकर रोक्छन्।,सहरमा मोटरसाइकल रोकिन्छन्,1
सहरमा तीनजना बाइकर रोक्छन्।,एउटा सहरले तीन बाइकरको आगमन देखेको छ।,1
सहरमा तीनजना बाइकर रोक्छन्।,तीन बाइकरहरू 100 माइल प्रति घण्टा जाँदैछन्,0
सहरमा तीनजना बाइकर रोक्छन्।,बाइकरहरूले पानीको सास फेर्छन्,0
सहरमा तीनजना बाइकर रोक्छन्।,बाइकरहरू ग्यासको लागि रोक्छन्,1
सहरमा तीनजना बाइकर रोक्छन्।,त्यहाँ एक धेरै क्रोधित कुकुर छ।,0
सहरमा तीनजना बाइकर रोक्छन्।,सहरमा बाइकरहरू छन्।,1
सहरमा तीनजना बाइकर रोक्छन्।,सडकमा मोटरसाइकल चलाउनेहरूको समूह छ।,1
सहरमा तीनजना बाइकर रोक्छन्।,सहरमा बाइकरहरू रोकिएनन्।,0
सहरमा तीनजना बाइकर रोक्छन्।,सडकमा पाँचजना मोटरसाइकल गुडिरहेका छन् ।,0
ट्रकमा जोडिएको ट्रेलरमा ब्रश लोड गर्दै दुई व्यक्ति।,एउटा मानिस पानीमा डोंगी बोकेर हिँडिरहेको छ।,0
ट्रकमा जोडिएको ट्रेलरमा ब्रश लोड गर्दै दुई व्यक्ति।,केही व्यक्तिहरू ट्रकमा जोडिएको ट्रेलरमा ब्रश लोड गर्दै छन्।,1
"दाह्री भएको मानिस, रातो शर्ट लगाएको खैरो बाहुला र काम गर्ने पन्जा लगाएको, डोरीमा तान्दै।",दाह्री भएको मान्छे डोरी तान्छ,1
"दाह्री भएको मानिस, रातो शर्ट लगाएको खैरो बाहुला र काम गर्ने पन्जा लगाएको, डोरीमा तान्दै।",एउटा मानिस डोरीमा तान्छ।,1
"दाह्री भएको मानिस, रातो शर्ट लगाएको खैरो बाहुला र काम गर्ने पन्जा लगाएको, डोरीमा तान्दै।",एक जना मानिस आफ्नो दाह्री तान्छ,0
"दाह्री भएको मानिस, रातो शर्ट लगाएको खैरो बाहुला र काम गर्ने पन्जा लगाएको, डोरीमा तान्दै।",दाह्री भएको मानिस आफ्नो दाँतले कार तान्दै छ।,0
"दाह्री भएको मानिस, रातो शर्ट लगाएको खैरो बाहुला र काम गर्ने पन्जा लगाएको, डोरीमा तान्दै।",त्यो मान्छे क्लिन शेभ थियो।,0
"दाह्री भएको मानिस, रातो शर्ट लगाएको खैरो बाहुला र काम गर्ने पन्जा लगाएको, डोरीमा तान्दै।",दाह्री भएको मान्छे डोरीमा तानेको छ।,1
"दाह्री भएको मानिस, रातो शर्ट लगाएको खैरो बाहुला र काम गर्ने पन्जा लगाएको, डोरीमा तान्दै।",स्विमसुट लगाएको मान्छे डोरीमा झुल्दै।,0
"दाह्री भएको मानिस, रातो शर्ट लगाएको खैरो बाहुला र काम गर्ने पन्जा लगाएको, डोरीमा तान्दै।",एक जना मानिसले कालो शर्ट लगाएको छ,0
"दाह्री भएको मानिस, रातो शर्ट लगाएको खैरो बाहुला र काम गर्ने पन्जा लगाएको, डोरीमा तान्दै।",एउटा मानिस डोरीमा तान्दै छ।,1
"दाह्री भएको मानिस, रातो शर्ट लगाएको खैरो बाहुला र काम गर्ने पन्जा लगाएको, डोरीमा तान्दै।",मानिस दाह्री बढाउन सक्षम छ।,1
अनुहारको कपाल र रातो र खैरो रंगको शर्ट डोरीको टुक्रामा टाँसिएको मान्छे।,ओछ्यानमा एक जना मानिस नाङ्गो छ।,0
अनुहारको कपाल र रातो र खैरो रंगको शर्ट डोरीको टुक्रामा टाँसिएको मान्छे।,मानिसको अनुहारको कपाल छ।,1
हरियो हेडस्कार्फ र नीलो शर्ट लगाएकी एउटी मध्य-वयस्क ओरिएन्टल महिला विशाल मुस्कान फ्याँकिरहेकी छिन्।,मध्यम उमेरको ओरिएन्टल महिला हेर्दै छ,0
हरियो हेडस्कार्फ र नीलो शर्ट लगाएकी एउटी मध्य-वयस्क ओरिएन्टल महिला विशाल मुस्कान फ्याँकिरहेकी छिन्।,हरियो हेडस्कार्फ र नीलो शर्ट लगाएकी एउटी मध्यम उमेरकी ओरिएन्टल महिला विशाल मुस्कान चम्किरहेकी छिन्,1
नीलो टप र हरियो हेडस्कार्फमा एउटी एसियाली महिला पृष्ठभूमिमा डुङ्गालाई पङ्क्तिबद्ध गर्दा व्यापक रूपमा मुस्कुराउँदै।,एउटी एसियाली महिला मुस्कुराइरहेकी छिन् जबकि अर्की महिला डुङ्गा चलाउँदै छिन्।,1
नीलो टप र हरियो हेडस्कार्फमा एउटी एसियाली महिला पृष्ठभूमिमा डुङ्गालाई पङ्क्तिबद्ध गर्दा व्यापक रूपमा मुस्कुराउँदै।,एक एसियाली महिला कुकुरबाट भागिरहेकी छिन्।,0
एक डुङ्गा कार्यकर्ता लाइन सुरक्षित गर्दै।,एक कामदारले डुङ्गालाई केहि गर्दैछ।,1
एक डुङ्गा कार्यकर्ता लाइन सुरक्षित गर्दै।,डुङ्गाका कामदार समुन्द्रमा पौडी खेलिरहेका छन् ।,0
हार लगाएकी एउटी सानी केटी पौडी खेल्दै छिन्।,एउटी मोटी केटी किनारबाट डुब्दै छ,0
हार लगाएकी एउटी सानी केटी पौडी खेल्दै छिन्।,हार बोकेकी एउटी सानी केटी पानीमा छिन्,1
एक स्केटबोर्डर पूल मा स्केट्स।,एउटा स्केट पोखरीमा पौडी खेल्छ।,0
एक स्केटबोर्डर पूल मा स्केट्स।,एक स्केटर पूल मा छ।,1
"भारतीय वा पाकिस्तानी देखिने एक जोडी, पानीको छेउमा बाटोमा हिंड्दै, बच्चालाई डायपरमा बोकेकी आमा, मानवीय संस्था ""सेभ द चिल्ड्रेन"" को लोगोको साथ कम्बलमा बेरेकी बुबा।",एक मानिस युनिसेफको कम्बलमा बेरिएको छ।,0
"भारतीय वा पाकिस्तानी देखिने एक जोडी, पानीको छेउमा बाटोमा हिंड्दै, बच्चालाई डायपरमा बोकेकी आमा, मानवीय संस्था ""सेभ द चिल्ड्रेन"" को लोगोको साथ कम्बलमा बेरेकी बुबा।",बच्चा बोकेका एक जोडी पानीको छेउमा हिड्दै छन्।,1
"त्यहाँ एउटी महिलाले बच्चा बोकेकी छिन्, साथमा एक जना पुरुष पनि सेभ द चिल्ड्रेनको झोला बोकेकी छन्।",मानिसहरूको समूह एक थपको लागि पोज गर्दैछ।,1
"त्यहाँ एउटी महिलाले बच्चा बोकेकी छिन्, साथमा एक जना पुरुष पनि सेभ द चिल्ड्रेनको झोला बोकेकी छन्।",एक जना मानिस हवाईजहाज हेर्दै छ।,0
"बच्चा भएको परिवार, बुबाले बच्चाहरूलाई बचाउने चिन्ह लगाएका छन्।",तीन वयस्कहरू चित्रित छन्।,0
"बच्चा भएको परिवार, बुबाले बच्चाहरूलाई बचाउने चिन्ह लगाएका छन्।",एकजना मानिसले त्यसमा लेखिएको केही लगाएको छ।,1
एक विदेशी परिवार पानीको छेउमा फोहोर बाटोमा हिंडिरहेको छ।,तिनीहरू बाइक चलाउँछन्,0
एक विदेशी परिवार पानीको छेउमा फोहोर बाटोमा हिंडिरहेको छ।,एक विदेशी परिवार पानीको शरीरको साथ माटोको ट्रेलबाट हिंड्दै।,1
एक विदेशी परिवार पानीको छेउमा फोहोर बाटोमा हिंडिरहेको छ।,परिवारले पानीको प्रशंसा गरिरहेका छन्,1
एक विदेशी परिवार पानीको छेउमा फोहोर बाटोमा हिंडिरहेको छ।,जनता सडकमा गाडी चलाउँछन् ।,0
एक विदेशी परिवार पानीको छेउमा फोहोर बाटोमा हिंडिरहेको छ।,विदेशीहरूको परिवार पानीमा पौडी खेल्दै।,0
एक विदेशी परिवार पानीको छेउमा फोहोर बाटोमा हिंडिरहेको छ।,स्थानीयहरूको समूह जमेको खोलाको छेउमा फोहोर बाटोमा दौडन्छ।,0
एक विदेशी परिवार पानीको छेउमा फोहोर बाटोमा हिंडिरहेको छ।,विदेशीहरूको परिवार पानीको छेउमा हिंडिरहेको छ।,1
एक विदेशी परिवार पानीको छेउमा फोहोर बाटोमा हिंडिरहेको छ।,एउटा परिवार फोहोर बाटोमा हिँडिरहेको छ।,1
एक विदेशी परिवार पानीको छेउमा फोहोर बाटोमा हिंडिरहेको छ।,एउटा परिवार आफ्नो डिनर टेबलमा बोर्ड गेम खेल्छ।,0
एक विदेशी परिवार पानीको छेउमा फोहोर बाटोमा हिंडिरहेको छ।,त्यहाँ एक परिवार बाहिर हिंडिरहेको छ।,1
"एक पुरुष र एक महिला मूर्तिकलाको छेउमा उभिरहेका छन्, कुरा गरिरहेका छन् जबकि अर्को पुरुषले अन्य मूर्तिहरू हेरिरहेका छन्।",मानिसहरू संग्रहालयमा मूर्तिकलाहरू हेरिरहेका छन्।,1
"एक पुरुष र एक महिला मूर्तिकलाको छेउमा उभिरहेका छन्, कुरा गरिरहेका छन् जबकि अर्को पुरुषले अन्य मूर्तिहरू हेरिरहेका छन्।",मूर्तिहरूको छेउमा मानिसहरू छन्।,1
"एक पुरुष र एक महिला मूर्तिकलाको छेउमा उभिरहेका छन्, कुरा गरिरहेका छन् जबकि अर्को पुरुषले अन्य मूर्तिहरू हेरिरहेका छन्।",मूर्तिहरू नजिकै उभिरहेका मानिसहरू,1
"एक पुरुष र एक महिला मूर्तिकलाको छेउमा उभिरहेका छन्, कुरा गरिरहेका छन् जबकि अर्को पुरुषले अन्य मूर्तिहरू हेरिरहेका छन्।",तीन जना व्यक्ति विद्यालयको मेलामा चित्रकला हेर्दै छन्।,0
"एक पुरुष र एक महिला मूर्तिकलाको छेउमा उभिरहेका छन्, कुरा गरिरहेका छन् जबकि अर्को पुरुषले अन्य मूर्तिहरू हेरिरहेका छन्।",कोही उभिएका छैनन् ।,0
"एक पुरुष र एक महिला मूर्तिकलाको छेउमा उभिरहेका छन्, कुरा गरिरहेका छन् जबकि अर्को पुरुषले अन्य मूर्तिहरू हेरिरहेका छन्।",एक पुरुष र एक महिला उभिरहेका छन्।,1
"एक पुरुष र एक महिला मूर्तिकलाको छेउमा उभिरहेका छन्, कुरा गरिरहेका छन् जबकि अर्को पुरुषले अन्य मूर्तिहरू हेरिरहेका छन्।",यो एकल मूर्ति हो।,0
"एक पुरुष र एक महिला मूर्तिकलाको छेउमा उभिरहेका छन्, कुरा गरिरहेका छन् जबकि अर्को पुरुषले अन्य मूर्तिहरू हेरिरहेका छन्।",पुरुष र महिला पौंडी पोखरीमा उभिरहेका छन्।,0
"एक पुरुष र एक महिला मूर्तिकलाको छेउमा उभिरहेका छन्, कुरा गरिरहेका छन् जबकि अर्को पुरुषले अन्य मूर्तिहरू हेरिरहेका छन्।",नजिकै मूर्तिहरू छन्।,1
"एक पुरुष र एक महिला मूर्तिकलाको छेउमा उभिरहेका छन्, कुरा गरिरहेका छन् जबकि अर्को पुरुषले अन्य मूर्तिहरू हेरिरहेका छन्।",एक पुरुष र एक महिला बसिरहेका छन्।,0
लुगा लगाएका युवतीहरूको समूह फुटपाथमा घुम्दै।,सबै युवा केटीहरूले प्रथम पुरस्कार जिते,0
लुगा लगाएका युवतीहरूको समूह फुटपाथमा घुम्दै।,त्यहाँ केही समूहहरू छन् जसमध्ये एक युवती महिलाहरू पहिरनमा र्‍याम्प वाकको लागि टहलिरहेका छन्,1
स्ट्रिपेड टप र जीन्स लगाएका एक व्यक्तिले केही पाइलाहरूमा स्केटबोर्ड ट्रिक गर्दैछन् जबकि एक व्यक्ति जो उनको फोटो खिच्छन्।,एकजना मानिस स्केटबोर्डिङको फोटो खिचिरहेका छन्।,1
स्ट्रिपेड टप र जीन्स लगाएका एक व्यक्तिले केही पाइलाहरूमा स्केटबोर्ड ट्रिक गर्दैछन् जबकि एक व्यक्ति जो उनको फोटो खिच्छन्।,एकजना मानिस एक्लै आफ्नो स्कुटर चलाउँदै छन्,0
बाहिर सिँढीको छोटो उडान माथि मिडहावामा स्केटबोर्डिङ किक फ्लिप गर्दै गरेको व्यक्तिको आफ्नै फोटो खिच्दै फोटोको अग्रभूमिमा बसिरहेको एक व्यक्ति।,एक व्यक्तिले स्केटबोर्डरको तस्बिर लिइरहेका छन् जुन एलियनले खिचेको छ।,0
बाहिर सिँढीको छोटो उडान माथि मिडहावामा स्केटबोर्डिङ किक फ्लिप गर्दै गरेको व्यक्तिको आफ्नै फोटो खिच्दै फोटोको अग्रभूमिमा बसिरहेको एक व्यक्ति।,फोटोग्राफरहरूले एक पुरुष स्केटबोर्डरलाई परित्याग गरिएको भवन भित्र चालहरू प्रदर्शन गर्दै खिच्छन्।,0
बाहिर सिँढीको छोटो उडान माथि मिडहावामा स्केटबोर्डिङ किक फ्लिप गर्दै गरेको व्यक्तिको आफ्नै फोटो खिच्दै फोटोको अग्रभूमिमा बसिरहेको एक व्यक्ति।,एउटी महिला आफ्नो प्रेमीसँग स्केटबोर्डिङ गर्दैछिन्।,0
बाहिर सिँढीको छोटो उडान माथि मिडहावामा स्केटबोर्डिङ किक फ्लिप गर्दै गरेको व्यक्तिको आफ्नै फोटो खिच्दै फोटोको अग्रभूमिमा बसिरहेको एक व्यक्ति।,एक व्यक्ति एक स्केटबोर्डर को तस्वीर लिदै छ जो एक चाल प्रदर्शन गरिरहेको छ।,1
बाहिरको सिँढीको छोटो उडान माथि मिडहावामा स्केटबोर्डिङ किक फ्लिप गरिरहेको व्यक्तिको आफ्नै फोटो खिच्दै फोटोको अग्रभूमिमा बसिरहेको एक व्यक्ति।,एक पुरुष विवाहको फोटो खिच्दै।,0
बाहिरको सिँढीको छोटो उडान माथि मिडहावामा स्केटबोर्डिङ किक फ्लिप गरिरहेको व्यक्तिको आफ्नै फोटो खिच्दै फोटोको अग्रभूमिमा बसिरहेको एक व्यक्ति।,एक व्यक्ति स्केटबोर्डिङ चालहरूको फोटो खिच्दै छ।,1
बाहिर सिँढीको छोटो उडान माथि मिडहावामा स्केटबोर्डिङ किक फ्लिप गर्दै गरेको व्यक्तिको आफ्नै फोटो खिच्दै फोटोको अग्रभूमिमा बसिरहेको एक व्यक्ति।,मानिसहरू बाहिर फोटोहरू खिच्छन् जब एक व्यक्तिले रोमाञ्चक स्केटबोर्डिङ चालहरू प्रदर्शन गर्दछ।,1
बाहिरको सिँढीको छोटो उडान माथि मिडहावामा स्केटबोर्डिङ किक फ्लिप गरिरहेको व्यक्तिको आफ्नै फोटो खिच्दै फोटोको अग्रभूमिमा बसिरहेको एक व्यक्ति।,एउटा मान्छेले अर्को मान्छेको फोटो खिचिरहेको छ।,1
बाहिरको सिँढीको छोटो उडान माथि मिडहावामा स्केटबोर्डिङ किक फ्लिप गरिरहेको व्यक्तिको आफ्नै फोटो खिच्दै फोटोको अग्रभूमिमा बसिरहेको एक व्यक्ति।,दुई जना मानिस पानीको स्लाइडबाट तल झरिरहेका छन्।,0
बाहिर सिँढीको छोटो उडान माथि मिडहावामा स्केटबोर्डिङ किक फ्लिप गर्दै गरेको व्यक्तिको आफ्नै फोटो खिच्दै फोटोको अग्रभूमिमा बसिरहेको एक व्यक्ति।,एक व्यक्तिले स्केटबोर्डर चालहरू गर्दै फोटो खिच्दै।,1
एकजना बाइकर बाइक लिएर दौडिरहेका छन् भने अर्का उनको वरिपरि घुमिरहेका छन्।,जनताले गाडी चलाउँछन्,0
एकजना बाइकर बाइक लिएर दौडिरहेका छन् भने अर्का उनको वरिपरि घुमिरहेका छन्।,मान्छेसँग बाइक छ,1
"दुईजना साइकल लिएर, एकजना अगाडि मोटरसाइकल लिएर दौडिरहेका छन् र एकजना पछाडी चलिरहेका छन्।",मलमा आइसक्रिम कोन खाँदै दुई व्यक्ति।,0
"दुईजना साइकल लिएर, एकजना अगाडि मोटरसाइकल लिएर दौडिरहेका छन् र एकजना पछाडी चलिरहेका छन्।",एक व्यक्ति उनीहरूको बाइकको छेउमा दौडिरहेको छ र तिनीहरूको पछाडि बाइक सवार व्यक्ति।,1
एक युवक फोटो खिच्ने क्रममा सिढीबाट तल स्केटबोर्डमा ट्रिक गर्दै।,फोटो खिच्ने क्रममा र्‍याम्प पार गर्दै एक युवक रोलर ब्लेड।,0
एक युवक फोटो खिच्ने क्रममा सिढीबाट तल स्केटबोर्डमा ट्रिक गर्दै।,एक व्यक्ति फोटो खिचिरहेको बेला उसले आफ्नो स्केटबोर्डमा सीढीहरू तल ट्रिक गर्छ।,1
"कालो र सेतो धारीदार शर्ट लगाएकी एउटी केटी र फूलको गुच्छा समातेर, पाइलामा कुरा गरिरहेका दुई जना सज्जनहरूलाई गम्भीर रूपमा हेर्छिन्।",गम्भिर अनुहार भएकी एउटी केटी दुई जना केटासँग बाहिर पाइला अगाडि उभिरहेकी छिन्।,1
"कालो र सेतो धारीदार शर्ट लगाएकी एउटी केटी र फूलको गुच्छा समातेर, पाइलामा कुरा गरिरहेका दुई जना सज्जनहरूलाई गम्भीरतापूर्वक हेर्छिन्।",तीन जना केटाहरू हातमा फूल लिएर घरभित्र उभिरहेका छन्।,0
सडकमा गर्वका साथ हिँडिरहेको मान्छे।,मानिस थिएटरमा अवतार हेर्दै छ।,0
सडकमा गर्वका साथ हिँडिरहेको मान्छे।,बाहिर एउटा मान्छे छ।,1
चार किशोर केटाहरू पौंडी पोखरीमा क्याननबल गर्दै छन्।,युवाहरूको एउटा समूह धेरै पानी छर्किरहेको छ।,1
चार किशोर केटाहरू पौंडी पोखरीमा क्याननबल गर्दै छन्।,केही केटाहरू रेस्टुरेन्टमा पिज्जा खाइरहेका छन्।,0
पानीको छेउमा घाँसमा उभिएका तीन जना मानिस टेबलमा केही हेरिरहेका छन्।,तीन जना बाहिर छन् ।,1
पानीको छेउमा घाँसमा उभिएका तीन जना मानिस टेबलमा केही हेरिरहेका छन्।,तीन जना मानिसहरु घरभित्रै Foosball खेलिरहेका छन्।,0
एउटी महिला हातमा खानाको नीलो टोकरी लिएर बाहिरी ग्रिलको पछाडि उभिरहेकी छिन्।,हातमा खानाको नीलो टोकरी लिएर बाहिर ग्रिल पछाडि उभिएकी महिला।,1
एउटी महिला हातमा खानाको नीलो टोकरी लिएर बाहिरी ग्रिलको पछाडि उभिरहेकी छिन्।,चर्चको बाहिर इस्टर अण्डाले भरिएको नीलो टोकरी लिएकी एउटी महिला।,0
एउटा ल्यान्ड रोभर गहिरो पोखरी हुँदै बाटो बनाउँछ।,पसलमा गाडी छ ।,0
एउटा ल्यान्ड रोभर गहिरो पोखरी हुँदै बाटो बनाउँछ।,एउटा कार पानीमा गुड्छ।,1
धेरै मानिसहरू यार्डमा आराम गर्छन्।,मानिसहरूको एक समूह बाहिर छ।,1
धेरै मानिसहरू यार्डमा आराम गर्छन्।,मानिसहरू आफ्नो बैठक कोठामा टिभी हेर्छन्।,0
पानीमा डुबेको कार।,एउटा कार बाढी आएको छ।,1
पानीमा डुबेको कार।,एउटा ट्रक घाममा देशको सडकमा चलिरहेको छ।,0
कालो पहिरन लगाएका एक व्यक्ति कन्सर्टमा इलेक्ट्रिक गितार बजाउँदै छन्।,एकजना मानिस गितार बजाइरहेका छन्।,1
कालो पहिरन लगाएका एक व्यक्ति कन्सर्टमा इलेक्ट्रिक गितार बजाउँदै छन्।,एउटा मान्छे पियानो बजाउँदै छ।,0
जंगली कपाल भएको मानिसले गितार केन्द्रको स्टेज बजाउँदै एउटा कार्यक्रमलाई ढाक्छ।,टाउको मान्छेले ड्रम बजायो।,0
जंगली कपाल भएको मानिसले गितार केन्द्रको स्टेज बजाउँदै एउटा कार्यक्रमलाई ढाक्छ।,एक केटा आफ्नो गितार संग स्टेज मा उभिएको छ।,1
पावेल र बजार र बे र टेलर लेबल गरिएको ट्रली कारमा महिला र बच्चा,महिला ट्रलीमा छिन्।,1
पावेल र बजार र बे र टेलर लेबल गरिएको ट्रली कारमा महिला र बच्चा,महिला र बच्चा सबवे ट्रेनमा छन्।,0
"दुई महिला चिकित्सा पेशेवर, एक अफ्रिकी अमेरिकी र एक सेतो, अस्पतालमा कागजी कार्य हेर्दै।",सहकर्मीहरू काम छोडेर खाजाको लागि ड्राइभ गर्दैछन्।,0
"दुई महिला चिकित्सा पेशेवर, एक अफ्रिकी अमेरिकी र एक सेतो, अस्पतालमा कागजी कार्य हेर्दै।",काममा मान्छेहरू छन्।,1
दुईजना युवतीहरू बाइन्डरबाट पढ्दैछन्।,केटीहरू चलचित्र हेर्दै छन्।,0
दुईजना युवतीहरू बाइन्डरबाट पढ्दैछन्।,कतिपय महिला पढ्दैछन् ।,1
शब्दहरू र भित्तिचित्रहरूले चित्रित ईंटको पर्खालबाट टाढा रहेको एक व्यक्ति।,एउटा मानिस बसेर भित्तामा भित्तिचित्र पढ्दैछ।,0
शब्दहरू र भित्तिचित्रहरूले चित्रित ईंटको पर्खालबाट टाढा रहेको एक व्यक्ति।,इट्टाको पर्खालमा भित्तिचित्र।,1
ट्रलीमा चढ्दा रेलिङमा समातिरहेका एक महिला र एक बालक।,जनताले कुनै पनि कुरालाई थाकेका छैनन् ।,0
ट्रलीमा चढ्दा रेलिङमा समातिरहेका एक महिला र एक बालक।,जनताले रेल समातेका छन् ।,1
धारीदार पोलो शर्ट लगाएको मान्छे इशारा गर्दै मुस्कुराउँदै छ।,मानिस पौडी खेलिरहेको छ,0
धारीदार पोलो शर्ट लगाएको मान्छे इशारा गर्दै मुस्कुराउँदै छ।,मान्छे खुसी देखिन्छ,1
दर्शकहरूको लागि साइकल जम्प ट्रिक प्रदर्शन गर्दै एक केटा।,टोनी हक एक स्केटिङ चाल प्रदर्शन गर्दै हुनुहुन्छ,0
दर्शकहरूको लागि साइकल जम्प ट्रिक प्रदर्शन गर्दै एक केटा।,एक केटा बाइक चाल प्रदर्शन गर्दै छ,1
नीलो पोशाकको कोटमा खरानी कपाल भएको महिलाले आफ्नो टाउकोमा केही सन्तुलन राख्छिन्।,महिलाले कोट लगाएकी छिन्।,1
नीलो पोशाकको कोटमा खरानी कपाल भएको महिलाले आफ्नो टाउकोमा केही सन्तुलन राख्छिन्।,महिला आफ्नो गोरो कपाल मन पर्छ।,0
दुई बालबालिका बाहिर मैदानमा खेल्दै।,बालबालिका बाहिर खेलिरहेका छन् ।,1
दुई बालबालिका बाहिर मैदानमा खेल्दै।,दुई बच्चाहरू आफ्नो डेस्कमा पढिरहेका छन्।,0
"एकजना मानिस भित्र बसेर ब्यान्जो बजाउँछन्, बाहिर उनको पछाडि रूखहरू छन्।",एकजना मानिस बाहिर दौडिन्छन्।,0
"एकजना मानिस भित्र बसेर ब्यान्जो बजाउँछन्, बाहिर उनको पछाडि रूखहरू छन्।",घर भित्र बसिरहेको एक पुरुष।,1
"दुई बच्चाहरू, रंगीन पोशाकमा, बीचमा ठूलो ढुङ्गाको साथ मैदानमा खेल्दै।",ढुङ्गाहरूसँग खेल्नु हुँदैन,0
"दुई बच्चाहरू, रंगीन पोशाकमा, बीचमा ठूलो ढुङ्गाको साथ मैदानमा खेल्दै।",दुई बच्चा मैदानमा ठूलो ढुङ्गासँग खेलिरहेका छन्,1
दुई युवतीहरू बाहिर शहरी वातावरणमा खेलिरहेका छन्।,दुई केटी बाहिर खेलिरहेका छन्।,1
दुई युवतीहरू बाहिर शहरी वातावरणमा खेलिरहेका छन्।,"केही केटीहरू फुटपाथमा दौडिरहेका छन्, केही पार्क गरिएका कारहरूको छेउमा।",0
"टोपी लगाएका दुई बच्चाहरू खुला, चट्टानी मैदानमा खेलिरहेका छन्।",छोराछोरी घरमै खाना खाइरहेका छन् ।,0
"टोपी लगाएका दुई बच्चाहरू खुला, चट्टानी मैदानमा खेलिरहेका छन्।",बच्चाहरू ढुङ्गाको मैदानमा खेलिरहेका छन्।,1
हरियो र गुलाबी लुगा लगाएकी एउटी महिला सेतो प्यान्ट लगाएको नीलो टप लगाएको कसैसँग नाच्दै छिन्।,हरियो र गुलाबी रंगको महिला नाच्दै छिन्।,1
हरियो र गुलाबी लुगा लगाएकी एउटी महिला सेतो प्यान्ट लगाएको नीलो टप लगाएको कसैसँग नाच्दै छिन्।,नाच्ने महिला आफ्नो सुत्ने कोठामा एक्लै छिन् ।,0
सुनको पाइन्ट लगाएको मान्छे क्यामेरा हेर्दै।,मान्छे क्यामेरा हेर्दै।,1
सुनको पाइन्ट लगाएको मान्छे क्यामेरा हेर्दै।,मानिस हलमा जाँदैछ।,0
सुनको स्कर्ट लगाएको मान्छे कम्प्युटरको अगाडि बसिरहेको छ।,सुनको स्कर्ट लगाएको मानिस आफ्नो कम्प्युटरमा बसेर कम्प्युटर स्क्रिन हेर्दै।,1
सुनको स्कर्ट लगाएको मान्छे कम्प्युटरको अगाडि बसिरहेको छ।,नीलो प्यान्ट लगाएको मान्छे बसेर टेलिभिजन हेर्दै।,0
कम्प्युटर डेस्कमा बसिरहेको कालो टी-शर्ट लगाएको मान्छे।,मानिस कम्प्युटरमा काम गर्दैछ,1
कम्प्युटर डेस्कमा बसिरहेको कालो टी-शर्ट लगाएको मान्छे।,मानिसले काम बन्द गर्यो र दिनभरि चिडियाखानामा थियो,0
कालो टि-सर्ट लगाएको दाह्री भएको मानिस कम्प्युटर समातेर डेस्कको अगाडि बसिरहेको छ।,एक मानिस वर्षामा उभिरहेको छ।,0
कालो टि-सर्ट लगाएको दाह्री भएको मानिस कम्प्युटर समातेर डेस्कको अगाडि बसिरहेको छ।,एक मान्छे आफ्नो कम्प्युटर संग पर्खिरहेको।,1
"कम्प्यूटर डेस्कमा बसेर सुनको फोइल्स स्कर्ट लगाएको मानिस, आफ्नो हात अनुहारमा उठाएर क्यामेरालाई हेर्छ।",एक मानिस आफ्नो वेबक्याम हेर्दै छ,1
"कम्प्यूटर डेस्कमा बसेर सुनको फोइल्स स्कर्ट लगाएको मानिस, आफ्नो हात अनुहारमा उठाएर क्यामेरालाई हेर्छ।",एकजना मानिसले आफ्नो जिब्रो बाहिर निकालिरहेको छ,0
टाउकोमा कचौरा लिएर टेबलमा बसेकी एउटी जवान केटी,एउटी युवतीको टाउकोमा कचौरा छ,1
टाउकोमा कचौरा लिएर टेबलमा बसेकी एउटी जवान केटी,एउटा मानिस आफ्नो कारमा अनाज खाँदै छ,0
एक जना मानिस राती आगोको डण्डी लिएर नाच्छन्।,महिलाले हुला नृत्य गर्छिन्,0
एक जना मानिस राती आगोको डण्डी लिएर नाच्छन्।,मानिस नाचिरहेको छ,1
डाक्टरले बच्चाको पेट जाँच गर्छ।,बच्चाको चेकअप भइरहेको छ।,1
डाक्टरले बच्चाको पेट जाँच गर्छ।,डाक्टरले बच्चाको मुख भित्र हेरिरहेका छन्।,0
जवान गोरा महिला आफ्नो खुट्टा पानीको झरनामा राख्दै,एउटी जवान गोरा महिला समुद्र तटको कुर्सीमा बसिरहेकी छिन्।,0
जवान गोरा महिला आफ्नो खुट्टा पानीको झरनामा राख्दै,एक व्यक्तिले आफ्नो खुट्टा पानीमा डुबाउँदैछ।,1
एउटी युवतीले झरनामा आफ्नो खुट्टा टाँस्ने प्रयास गरिरहेकी छिन्।,महिला ट्रेनमा सवार छिन्।,0
